id,name,mobile
1,Harish,9000620000
2,Vinod,9701550994
3,Vinod P,9701550994
4,Krishna,9701556995
5,Rama,8601550996
6,Krishna,9201520994
7,Shiva,9701550994
8,Nandi,9401550994
9,Narayana,9701550894
10,Govinda,9701550910
11,hello,1234
1,Harish,9000620000
2,Vinod,9701550994
3,Vinod P,9701550994
4,Krishna,9701556995
5,Rama,8601550996
6,Krishna,9201520994
7,Shiva,9701550994
8,Nandi,9401550994
9,Narayana,9701550894
10,Govinda,9701550910
11,hello,1234
1,Harish,9000620000
2,Vinod,9701550994
3,Vinod P,9701550994
4,Krishna,9701556995
5,Rama,8601550996
6,Krishna,9201520994
7,Shiva,9701550994
8,Nandi,9401550994
9,Narayana,9701550894
10,Govinda,9701550910
11,hello,1234
1,Harish,9000620000
2,Vinod,9701550994
3,Vinod P,9701550994
4,Krishna,9701556995
5,Rama,8601550996
6,Krishna,9201520994
7,Shiva,9701550994
8,Nandi,9401550994
9,Narayana,9701550894
10,Govinda,9701550910
11,hello,1234
1,Harish,9000620000
2,Vinod,9701550994
3,Vinod P,9701550994
4,Krishna,9701556995
5,Rama,8601550996
6,Krishna,9201520994
7,Shiva,9701550994
8,Nandi,9401550994
9,Narayana,9701550894
10,Govinda,9701550910
11,hello,1234
1,Harish,9000620000
2,Vinod,9701550994
3,Vinod P,9701550994
4,Krishna,9701556995
5,Rama,8601550996
6,Krishna,9201520994
7,Shiva,9701550994
8,Nandi,9401550994
9,Narayana,9701550894
10,Govinda,9701550910
11,hello,1234
1,Harish,9000620000
2,Vinod,9701550994
3,Vinod P,9701550994
4,Krishna,9701556995
5,Rama,8601550996
6,Krishna,9201520994
7,Shiva,9701550994
8,Nandi,9401550994
9,Narayana,9701550894
10,Govinda,9701550910
11,hello,1234
1,Harish,9000620000
2,Vinod,9701550994
3,Vinod P,9701550994
4,Krishna,9701556995
5,Rama,8601550996
6,Krishna,9201520994
7,Shiva,9701550994
8,Nandi,9401550994
9,Narayana,9701550894
10,Govinda,9701550910
11,hello,1234
1,Harish,9000620000
2,Vinod,9701550994
3,Vinod P,9701550994
4,Krishna,9701556995
5,Rama,8601550996
6,Krishna,9201520994
7,Shiva,9701550994
8,Nandi,9401550994
9,Narayana,9701550894
10,Govinda,9701550910
11,hello,1234
1,Harish,9000620000
2,Vinod,9701550994
3,Vinod P,9701550994
4,Krishna,9701556995
5,Rama,8601550996
6,Krishna,9201520994
7,Shiva,9701550994
8,Nandi,9401550994
9,Narayana,9701550894
10,Govinda,9701550910
11,hello,1234
1,Harish,9000620000
2,Vinod,9701550994
3,Vinod P,9701550994
4,Krishna,9701556995
5,Rama,8601550996
6,Krishna,9201520994
7,Shiva,9701550994
8,Nandi,9401550994
9,Narayana,9701550894
10,Govinda,9701550910
11,hello,1234
1,Harish,9000620000
2,Vinod,9701550994
3,Vinod P,9701550994
4,Krishna,9701556995
5,Rama,8601550996
6,Krishna,9201520994
7,Shiva,9701550994
8,Nandi,9401550994
9,Narayana,9701550894
10,Govinda,9701550910
11,hello,1234
1,Harish,9000620000
2,Vinod,9701550994
3,Vinod P,9701550994
4,Krishna,9701556995
5,Rama,8601550996
6,Krishna,9201520994
7,Shiva,9701550994
8,Nandi,9401550994
9,Narayana,9701550894
10,Govinda,9701550910
11,hello,1234
1,Harish,9000620000
2,Vinod,9701550994
3,Vinod P,9701550994
4,Krishna,9701556995
5,Rama,8601550996
6,Krishna,9201520994
7,Shiva,9701550994
8,Nandi,9401550994
9,Narayana,9701550894
10,Govinda,9701550910
11,hello,1234
1,Harish,9000620000
2,Vinod,9701550994
3,Vinod P,9701550994
4,Krishna,9701556995
5,Rama,8601550996
6,Krishna,9201520994
7,Shiva,9701550994
8,Nandi,9401550994
9,Narayana,9701550894
10,Govinda,9701550910
11,hello,1234
1,Harish,9000620000
2,Vinod,9701550994
3,Vinod P,9701550994
4,Krishna,9701556995
5,Rama,8601550996
6,Krishna,9201520994
7,Shiva,9701550994
8,Nandi,9401550994
9,Narayana,9701550894
10,Govinda,9701550910
11,hello,1234
1,Harish,9000620000
2,Vinod,9701550994
3,Vinod P,9701550994
4,Krishna,9701556995
5,Rama,8601550996
6,Krishna,9201520994
7,Shiva,9701550994
8,Nandi,9401550994
9,Narayana,9701550894
10,Govinda,9701550910
11,hello,1234
1,Harish,9000620000
2,Vinod,9701550994
3,Vinod P,9701550994
4,Krishna,9701556995
5,Rama,8601550996
6,Krishna,9201520994
7,Shiva,9701550994
8,Nandi,9401550994
9,Narayana,9701550894
10,Govinda,9701550910
11,hello,1234
1,Harish,9000620000
2,Vinod,9701550994
3,Vinod P,9701550994
4,Krishna,9701556995
5,Rama,8601550996
6,Krishna,9201520994
7,Shiva,9701550994
8,Nandi,9401550994
9,Narayana,9701550894
10,Govinda,9701550910
11,hello,1234
1,Harish,9000620000
2,Vinod,9701550994
3,Vinod P,9701550994
4,Krishna,9701556995
5,Rama,8601550996
6,Krishna,9201520994
7,Shiva,9701550994
8,Nandi,9401550994
9,Narayana,9701550894
10,Govinda,9701550910
11,hello,1234
1,Harish,9000620000
2,Vinod,9701550994
3,Vinod P,9701550994
4,Krishna,9701556995
5,Rama,8601550996
6,Krishna,9201520994
7,Shiva,9701550994
8,Nandi,9401550994
9,Narayana,9701550894
10,Govinda,9701550910
11,hello,1234
1,Harish,9000620000
2,Vinod,9701550994
3,Vinod P,9701550994
4,Krishna,9701556995
5,Rama,8601550996
6,Krishna,9201520994
7,Shiva,9701550994
8,Nandi,9401550994
9,Narayana,9701550894
10,Govinda,9701550910
11,hello,1234
1,Harish,9000620000
2,Vinod,9701550994
3,Vinod P,9701550994
4,Krishna,9701556995
5,Rama,8601550996
6,Krishna,9201520994
7,Shiva,9701550994
8,Nandi,9401550994
9,Narayana,9701550894
10,Govinda,9701550910
11,hello,1234
1,Harish,9000620000
2,Vinod,9701550994
3,Vinod P,9701550994
4,Krishna,9701556995
5,Rama,8601550996
6,Krishna,9201520994
7,Shiva,9701550994
8,Nandi,9401550994
9,Narayana,9701550894
10,Govinda,9701550910
11,hello,1234
1,Harish,9000620000
2,Vinod,9701550994
3,Vinod P,9701550994
4,Krishna,9701556995
5,Rama,8601550996
6,Krishna,9201520994
7,Shiva,9701550994
8,Nandi,9401550994
9,Narayana,9701550894
10,Govinda,9701550910
11,hello,1234
1,Harish,9000620000
2,Vinod,9701550994
3,Vinod P,9701550994
4,Krishna,9701556995
5,Rama,8601550996
6,Krishna,9201520994
7,Shiva,9701550994
8,Nandi,9401550994
9,Narayana,9701550894
10,Govinda,9701550910
11,hello,1234
1,Harish,9000620000
2,Vinod,9701550994
3,Vinod P,9701550994
4,Krishna,9701556995
5,Rama,8601550996
6,Krishna,9201520994
7,Shiva,9701550994
8,Nandi,9401550994
9,Narayana,9701550894
10,Govinda,9701550910
11,hello,1234
1,Harish,9000620000
2,Vinod,9701550994
3,Vinod P,9701550994
4,Krishna,9701556995
5,Rama,8601550996
6,Krishna,9201520994
7,Shiva,9701550994
8,Nandi,9401550994
9,Narayana,9701550894
10,Govinda,9701550910
11,hello,1234
1,Harish,9000620000
2,Vinod,9701550994
3,Vinod P,9701550994
4,Krishna,9701556995
5,Rama,8601550996
6,Krishna,9201520994
7,Shiva,9701550994
8,Nandi,9401550994
9,Narayana,9701550894
10,Govinda,9701550910
11,hello,1234
1,Harish,9000620000
2,Vinod,9701550994
3,Vinod P,9701550994
4,Krishna,9701556995
5,Rama,8601550996
6,Krishna,9201520994
7,Shiva,9701550994
8,Nandi,9401550994
9,Narayana,9701550894
10,Govinda,9701550910
11,hello,1234
1,Harish,9000620000
2,Vinod,9701550994
3,Vinod P,9701550994
4,Krishna,9701556995
5,Rama,8601550996
6,Krishna,9201520994
7,Shiva,9701550994
8,Nandi,9401550994
9,Narayana,9701550894
10,Govinda,9701550910
11,hello,1234
1,Harish,9000620000
2,Vinod,9701550994
3,Vinod P,9701550994
4,Krishna,9701556995
5,Rama,8601550996
6,Krishna,9201520994
7,Shiva,9701550994
8,Nandi,9401550994
9,Narayana,9701550894
10,Govinda,9701550910
11,hello,1234
1,Harish,9000620000
2,Vinod,9701550994
3,Vinod P,9701550994
4,Krishna,9701556995
5,Rama,8601550996
6,Krishna,9201520994
7,Shiva,9701550994
8,Nandi,9401550994
9,Narayana,9701550894
10,Govinda,9701550910
11,hello,1234
1,Harish,9000620000
2,Vinod,9701550994
3,Vinod P,9701550994
4,Krishna,9701556995
5,Rama,8601550996
6,Krishna,9201520994
7,Shiva,9701550994
8,Nandi,9401550994
9,Narayana,9701550894
10,Govinda,9701550910
11,hello,1234
1,Harish,9000620000
2,Vinod,9701550994
3,Vinod P,9701550994
4,Krishna,9701556995
5,Rama,8601550996
6,Krishna,9201520994
7,Shiva,9701550994
8,Nandi,9401550994
9,Narayana,9701550894
10,Govinda,9701550910
11,hello,1234
1,Harish,9000620000
2,Vinod,9701550994
3,Vinod P,9701550994
4,Krishna,9701556995
5,Rama,8601550996
6,Krishna,9201520994
7,Shiva,9701550994
8,Nandi,9401550994
9,Narayana,9701550894
10,Govinda,9701550910
11,hello,1234
1,Harish,9000620000
2,Vinod,9701550994
3,Vinod P,9701550994
4,Krishna,9701556995
5,Rama,8601550996
6,Krishna,9201520994
7,Shiva,9701550994
8,Nandi,9401550994
9,Narayana,9701550894
10,Govinda,9701550910
11,hello,1234
1,Harish,9000620000
2,Vinod,9701550994
3,Vinod P,9701550994
4,Krishna,9701556995
5,Rama,8601550996
6,Krishna,9201520994
7,Shiva,9701550994
8,Nandi,9401550994
9,Narayana,9701550894
10,Govinda,9701550910
11,hello,1234
1,Harish,9000620000
2,Vinod,9701550994
3,Vinod P,9701550994
4,Krishna,9701556995
5,Rama,8601550996
6,Krishna,9201520994
7,Shiva,9701550994
8,Nandi,9401550994
9,Narayana,9701550894
10,Govinda,9701550910
11,hello,1234
1,Harish,9000620000
2,Vinod,9701550994
3,Vinod P,9701550994
4,Krishna,9701556995
5,Rama,8601550996
6,Krishna,9201520994
7,Shiva,9701550994
8,Nandi,9401550994
9,Narayana,9701550894
10,Govinda,9701550910
11,hello,1234
1,Harish,9000620000
2,Vinod,9701550994
3,Vinod P,9701550994
4,Krishna,9701556995
5,Rama,8601550996
6,Krishna,9201520994
7,Shiva,9701550994
8,Nandi,9401550994
9,Narayana,9701550894
10,Govinda,9701550910
11,hello,1234
1,Harish,9000620000
2,Vinod,9701550994
3,Vinod P,9701550994
4,Krishna,9701556995
5,Rama,8601550996
6,Krishna,9201520994
7,Shiva,9701550994
8,Nandi,9401550994
9,Narayana,9701550894
10,Govinda,9701550910
11,hello,1234
1,Harish,9000620000
2,Vinod,9701550994
3,Vinod P,9701550994
4,Krishna,9701556995
5,Rama,8601550996
6,Krishna,9201520994
7,Shiva,9701550994
8,Nandi,9401550994
9,Narayana,9701550894
10,Govinda,9701550910
11,hello,1234
1,Harish,9000620000
2,Vinod,9701550994
3,Vinod P,9701550994
4,Krishna,9701556995
5,Rama,8601550996
6,Krishna,9201520994
7,Shiva,9701550994
8,Nandi,9401550994
9,Narayana,9701550894
10,Govinda,9701550910
11,hello,1234
1,Harish,9000620000
2,Vinod,9701550994
3,Vinod P,9701550994
4,Krishna,9701556995
5,Rama,8601550996
6,Krishna,9201520994
7,Shiva,9701550994
8,Nandi,9401550994
9,Narayana,9701550894
10,Govinda,9701550910
11,hello,1234
1,Harish,9000620000
2,Vinod,9701550994
3,Vinod P,9701550994
4,Krishna,9701556995
5,Rama,8601550996
6,Krishna,9201520994
7,Shiva,9701550994
8,Nandi,9401550994
9,Narayana,9701550894
10,Govinda,9701550910
11,hello,1234
1,Harish,9000620000
2,Vinod,9701550994
3,Vinod P,9701550994
4,Krishna,9701556995
5,Rama,8601550996
6,Krishna,9201520994
7,Shiva,9701550994
8,Nandi,9401550994
9,Narayana,9701550894
10,Govinda,9701550910
11,hello,1234
1,Harish,9000620000
2,Vinod,9701550994
3,Vinod P,9701550994
4,Krishna,9701556995
5,Rama,8601550996
6,Krishna,9201520994
7,Shiva,9701550994
8,Nandi,9401550994
9,Narayana,9701550894
10,Govinda,9701550910
11,hello,1234
1,Harish,9000620000
2,Vinod,9701550994
3,Vinod P,9701550994
4,Krishna,9701556995
5,Rama,8601550996
6,Krishna,9201520994
7,Shiva,9701550994
8,Nandi,9401550994
9,Narayana,9701550894
10,Govinda,9701550910
11,hello,1234
1,Harish,9000620000
2,Vinod,9701550994
3,Vinod P,9701550994
4,Krishna,9701556995
5,Rama,8601550996
6,Krishna,9201520994
7,Shiva,9701550994
8,Nandi,9401550994
9,Narayana,9701550894
10,Govinda,9701550910
11,hello,1234
1,Harish,9000620000
2,Vinod,9701550994
3,Vinod P,9701550994
4,Krishna,9701556995
5,Rama,8601550996
6,Krishna,9201520994
7,Shiva,9701550994
8,Nandi,9401550994
9,Narayana,9701550894
10,Govinda,9701550910
11,hello,1234
1,Harish,9000620000
2,Vinod,9701550994
3,Vinod P,9701550994
4,Krishna,9701556995
5,Rama,8601550996
6,Krishna,9201520994
7,Shiva,9701550994
8,Nandi,9401550994
9,Narayana,9701550894
10,Govinda,9701550910
11,hello,1234
1,Harish,9000620000
2,Vinod,9701550994
3,Vinod P,9701550994
4,Krishna,9701556995
5,Rama,8601550996
6,Krishna,9201520994
7,Shiva,9701550994
8,Nandi,9401550994
9,Narayana,9701550894
10,Govinda,9701550910
11,hello,1234
1,Harish,9000620000
2,Vinod,9701550994
3,Vinod P,9701550994
4,Krishna,9701556995
5,Rama,8601550996
6,Krishna,9201520994
7,Shiva,9701550994
8,Nandi,9401550994
9,Narayana,9701550894
10,Govinda,9701550910
11,hello,1234
1,Harish,9000620000
2,Vinod,9701550994
3,Vinod P,9701550994
4,Krishna,9701556995
5,Rama,8601550996
6,Krishna,9201520994
7,Shiva,9701550994
8,Nandi,9401550994
9,Narayana,9701550894
10,Govinda,9701550910
11,hello,1234
1,Harish,9000620000
2,Vinod,9701550994
3,Vinod P,9701550994
4,Krishna,9701556995
5,Rama,8601550996
6,Krishna,9201520994
7,Shiva,9701550994
8,Nandi,9401550994
9,Narayana,9701550894
10,Govinda,9701550910
11,hello,1234
1,Harish,9000620000
2,Vinod,9701550994
3,Vinod P,9701550994
4,Krishna,9701556995
5,Rama,8601550996
6,Krishna,9201520994
7,Shiva,9701550994
8,Nandi,9401550994
9,Narayana,9701550894
10,Govinda,9701550910
11,hello,1234
1,Harish,9000620000
2,Vinod,9701550994
3,Vinod P,9701550994
4,Krishna,9701556995
5,Rama,8601550996
6,Krishna,9201520994
7,Shiva,9701550994
8,Nandi,9401550994
9,Narayana,9701550894
10,Govinda,9701550910
11,hello,1234
1,Harish,9000620000
2,Vinod,9701550994
3,Vinod P,9701550994
4,Krishna,9701556995
5,Rama,8601550996
6,Krishna,9201520994
7,Shiva,9701550994
8,Nandi,9401550994
9,Narayana,9701550894
10,Govinda,9701550910
11,hello,1234
1,Harish,9000620000
2,Vinod,9701550994
3,Vinod P,9701550994
4,Krishna,9701556995
5,Rama,8601550996
6,Krishna,9201520994
7,Shiva,9701550994
8,Nandi,9401550994
9,Narayana,9701550894
10,Govinda,9701550910
11,hello,1234
1,Harish,9000620000
2,Vinod,9701550994
3,Vinod P,9701550994
4,Krishna,9701556995
5,Rama,8601550996
6,Krishna,9201520994
7,Shiva,9701550994
8,Nandi,9401550994
9,Narayana,9701550894
10,Govinda,9701550910
11,hello,1234
1,Harish,9000620000
2,Vinod,9701550994
3,Vinod P,9701550994
4,Krishna,9701556995
5,Rama,8601550996
6,Krishna,9201520994
7,Shiva,9701550994
8,Nandi,9401550994
9,Narayana,9701550894
10,Govinda,9701550910
11,hello,1234
1,Harish,9000620000
2,Vinod,9701550994
3,Vinod P,9701550994
4,Krishna,9701556995
5,Rama,8601550996
6,Krishna,9201520994
7,Shiva,9701550994
8,Nandi,9401550994
9,Narayana,9701550894
10,Govinda,9701550910
11,hello,1234
1,Harish,9000620000
2,Vinod,9701550994
3,Vinod P,9701550994
4,Krishna,9701556995
5,Rama,8601550996
6,Krishna,9201520994
7,Shiva,9701550994
8,Nandi,9401550994
9,Narayana,9701550894
10,Govinda,9701550910
11,hello,1234
1,Harish,9000620000
2,Vinod,9701550994
3,Vinod P,9701550994
4,Krishna,9701556995
5,Rama,8601550996
6,Krishna,9201520994
7,Shiva,9701550994
8,Nandi,9401550994
9,Narayana,9701550894
10,Govinda,9701550910
11,hello,1234
1,Harish,9000620000
2,Vinod,9701550994
3,Vinod P,9701550994
4,Krishna,9701556995
5,Rama,8601550996
6,Krishna,9201520994
7,Shiva,9701550994
8,Nandi,9401550994
9,Narayana,9701550894
10,Govinda,9701550910
11,hello,1234
1,Harish,9000620000
2,Vinod,9701550994
3,Vinod P,9701550994
4,Krishna,9701556995
5,Rama,8601550996
6,Krishna,9201520994
7,Shiva,9701550994
8,Nandi,9401550994
9,Narayana,9701550894
10,Govinda,9701550910
11,hello,1234
1,Harish,9000620000
2,Vinod,9701550994
3,Vinod P,9701550994
4,Krishna,9701556995
5,Rama,8601550996
6,Krishna,9201520994
7,Shiva,9701550994
8,Nandi,9401550994
9,Narayana,9701550894
10,Govinda,9701550910
11,hello,1234
1,Harish,9000620000
2,Vinod,9701550994
3,Vinod P,9701550994
4,Krishna,9701556995
5,Rama,8601550996
6,Krishna,9201520994
7,Shiva,9701550994
8,Nandi,9401550994
9,Narayana,9701550894
10,Govinda,9701550910
11,hello,1234
1,Harish,9000620000
2,Vinod,9701550994
3,Vinod P,9701550994
4,Krishna,9701556995
5,Rama,8601550996
6,Krishna,9201520994
7,Shiva,9701550994
8,Nandi,9401550994
9,Narayana,9701550894
10,Govinda,9701550910
11,hello,1234
1,Harish,9000620000
2,Vinod,9701550994
3,Vinod P,9701550994
4,Krishna,9701556995
5,Rama,8601550996
6,Krishna,9201520994
7,Shiva,9701550994
8,Nandi,9401550994
9,Narayana,9701550894
10,Govinda,9701550910
11,hello,1234
1,Harish,9000620000
2,Vinod,9701550994
3,Vinod P,9701550994
4,Krishna,9701556995
5,Rama,8601550996
6,Krishna,9201520994
7,Shiva,9701550994
8,Nandi,9401550994
9,Narayana,9701550894
10,Govinda,9701550910
11,hello,1234
1,Harish,9000620000
2,Vinod,9701550994
3,Vinod P,9701550994
4,Krishna,9701556995
5,Rama,8601550996
6,Krishna,9201520994
7,Shiva,9701550994
8,Nandi,9401550994
9,Narayana,9701550894
10,Govinda,9701550910
11,hello,1234
1,Harish,9000620000
2,Vinod,9701550994
3,Vinod P,9701550994
4,Krishna,9701556995
5,Rama,8601550996
6,Krishna,9201520994
7,Shiva,9701550994
8,Nandi,9401550994
9,Narayana,9701550894
10,Govinda,9701550910
11,hello,1234
1,Harish,9000620000
2,Vinod,9701550994
3,Vinod P,9701550994
4,Krishna,9701556995
5,Rama,8601550996
6,Krishna,9201520994
7,Shiva,9701550994
8,Nandi,9401550994
9,Narayana,9701550894
10,Govinda,9701550910
11,hello,1234
1,Harish,9000620000
2,Vinod,9701550994
3,Vinod P,9701550994
4,Krishna,9701556995
5,Rama,8601550996
6,Krishna,9201520994
7,Shiva,9701550994
8,Nandi,9401550994
9,Narayana,9701550894
10,Govinda,9701550910
11,hello,1234
1,Harish,9000620000
2,Vinod,9701550994
3,Vinod P,9701550994
4,Krishna,9701556995
5,Rama,8601550996
6,Krishna,9201520994
7,Shiva,9701550994
8,Nandi,9401550994
9,Narayana,9701550894
10,Govinda,9701550910
11,hello,1234
1,Harish,9000620000
2,Vinod,9701550994
3,Vinod P,9701550994
4,Krishna,9701556995
5,Rama,8601550996
6,Krishna,9201520994
7,Shiva,9701550994
8,Nandi,9401550994
9,Narayana,9701550894
10,Govinda,9701550910
11,hello,1234
1,Harish,9000620000
2,Vinod,9701550994
3,Vinod P,9701550994
4,Krishna,9701556995
5,Rama,8601550996
6,Krishna,9201520994
7,Shiva,9701550994
8,Nandi,9401550994
9,Narayana,9701550894
10,Govinda,9701550910
11,hello,1234
1,Harish,9000620000
2,Vinod,9701550994
3,Vinod P,9701550994
4,Krishna,9701556995
5,Rama,8601550996
6,Krishna,9201520994
7,Shiva,9701550994
8,Nandi,9401550994
9,Narayana,9701550894
10,Govinda,9701550910
11,hello,1234
1,Harish,9000620000
2,Vinod,9701550994
3,Vinod P,9701550994
4,Krishna,9701556995
5,Rama,8601550996
6,Krishna,9201520994
7,Shiva,9701550994
8,Nandi,9401550994
9,Narayana,9701550894
10,Govinda,9701550910
11,hello,1234
1,Harish,9000620000
2,Vinod,9701550994
3,Vinod P,9701550994
4,Krishna,9701556995
5,Rama,8601550996
6,Krishna,9201520994
7,Shiva,9701550994
8,Nandi,9401550994
9,Narayana,9701550894
10,Govinda,9701550910
11,hello,1234
1,Harish,9000620000
2,Vinod,9701550994
3,Vinod P,9701550994
4,Krishna,9701556995
5,Rama,8601550996
6,Krishna,9201520994
7,Shiva,9701550994
8,Nandi,9401550994
9,Narayana,9701550894
10,Govinda,9701550910
11,hello,1234
1,Harish,9000620000
2,Vinod,9701550994
3,Vinod P,9701550994
4,Krishna,9701556995
5,Rama,8601550996
6,Krishna,9201520994
7,Shiva,9701550994
8,Nandi,9401550994
9,Narayana,9701550894
10,Govinda,9701550910
11,hello,1234
1,Harish,9000620000
2,Vinod,9701550994
3,Vinod P,9701550994
4,Krishna,9701556995
5,Rama,8601550996
6,Krishna,9201520994
7,Shiva,9701550994
8,Nandi,9401550994
9,Narayana,9701550894
10,Govinda,9701550910
11,hello,1234
1,Harish,9000620000
2,Vinod,9701550994
3,Vinod P,9701550994
4,Krishna,9701556995
5,Rama,8601550996
6,Krishna,9201520994
7,Shiva,9701550994
8,Nandi,9401550994
9,Narayana,9701550894
10,Govinda,9701550910
11,hello,1234
1,Harish,9000620000
2,Vinod,9701550994
3,Vinod P,9701550994
4,Krishna,9701556995
5,Rama,8601550996
6,Krishna,9201520994
7,Shiva,9701550994
8,Nandi,9401550994
9,Narayana,9701550894
10,Govinda,9701550910
11,hello,1234
1,Harish,9000620000
2,Vinod,9701550994
3,Vinod P,9701550994
4,Krishna,9701556995
5,Rama,8601550996
6,Krishna,9201520994
7,Shiva,9701550994
8,Nandi,9401550994
9,Narayana,9701550894
10,Govinda,9701550910
11,hello,1234
1,Harish,9000620000
2,Vinod,9701550994
3,Vinod P,9701550994
4,Krishna,9701556995
5,Rama,8601550996
6,Krishna,9201520994
7,Shiva,9701550994
8,Nandi,9401550994
9,Narayana,9701550894
10,Govinda,9701550910
11,hello,1234
1,Harish,9000620000
2,Vinod,9701550994
3,Vinod P,9701550994
4,Krishna,9701556995
5,Rama,8601550996
6,Krishna,9201520994
7,Shiva,9701550994
8,Nandi,9401550994
9,Narayana,9701550894
10,Govinda,9701550910
11,hello,1234
1,Harish,9000620000
2,Vinod,9701550994
3,Vinod P,9701550994
4,Krishna,9701556995
5,Rama,8601550996
6,Krishna,9201520994
7,Shiva,9701550994
8,Nandi,9401550994
9,Narayana,9701550894
10,Govinda,9701550910
11,hello,1234
1,Harish,9000620000
2,Vinod,9701550994
3,Vinod P,9701550994
4,Krishna,9701556995
5,Rama,8601550996
6,Krishna,9201520994
7,Shiva,9701550994
8,Nandi,9401550994
9,Narayana,9701550894
10,Govinda,9701550910
11,hello,1234
1,Harish,9000620000
2,Vinod,9701550994
3,Vinod P,9701550994
4,Krishna,9701556995
5,Rama,8601550996
6,Krishna,9201520994
7,Shiva,9701550994
8,Nandi,9401550994
9,Narayana,9701550894
10,Govinda,9701550910
11,hello,1234
1,Harish,9000620000
2,Vinod,9701550994
3,Vinod P,9701550994
4,Krishna,9701556995
5,Rama,8601550996
6,Krishna,9201520994
7,Shiva,9701550994
8,Nandi,9401550994
9,Narayana,9701550894
10,Govinda,9701550910
11,hello,1234
1,Harish,9000620000
2,Vinod,9701550994
3,Vinod P,9701550994
4,Krishna,9701556995
5,Rama,8601550996
6,Krishna,9201520994
7,Shiva,9701550994
8,Nandi,9401550994
9,Narayana,9701550894
10,Govinda,9701550910
11,hello,1234
1,Harish,9000620000
2,Vinod,9701550994
3,Vinod P,9701550994
4,Krishna,9701556995
5,Rama,8601550996
6,Krishna,9201520994
7,Shiva,9701550994
8,Nandi,9401550994
9,Narayana,9701550894
10,Govinda,9701550910
11,hello,1234
1,Harish,9000620000
2,Vinod,9701550994
3,Vinod P,9701550994
4,Krishna,9701556995
5,Rama,8601550996
6,Krishna,9201520994
7,Shiva,9701550994
8,Nandi,9401550994
9,Narayana,9701550894
10,Govinda,9701550910
11,hello,1234
1,Harish,9000620000
2,Vinod,9701550994
3,Vinod P,9701550994
4,Krishna,9701556995
5,Rama,8601550996
6,Krishna,9201520994
7,Shiva,9701550994
8,Nandi,9401550994
9,Narayana,9701550894
10,Govinda,9701550910
11,hello,1234
1,Harish,9000620000
2,Vinod,9701550994
3,Vinod P,9701550994
4,Krishna,9701556995
5,Rama,8601550996
6,Krishna,9201520994
7,Shiva,9701550994
8,Nandi,9401550994
9,Narayana,9701550894
10,Govinda,9701550910
11,hello,1234
1,Harish,9000620000
2,Vinod,9701550994
3,Vinod P,9701550994
4,Krishna,9701556995
5,Rama,8601550996
6,Krishna,9201520994
7,Shiva,9701550994
8,Nandi,9401550994
9,Narayana,9701550894
10,Govinda,9701550910
11,hello,1234
1,Harish,9000620000
2,Vinod,9701550994
3,Vinod P,9701550994
4,Krishna,9701556995
5,Rama,8601550996
6,Krishna,9201520994
7,Shiva,9701550994
8,Nandi,9401550994
9,Narayana,9701550894
10,Govinda,9701550910
11,hello,1234
1,Harish,9000620000
2,Vinod,9701550994
3,Vinod P,9701550994
4,Krishna,9701556995
5,Rama,8601550996
6,Krishna,9201520994
7,Shiva,9701550994
8,Nandi,9401550994
9,Narayana,9701550894
10,Govinda,9701550910
11,hello,1234
1,Harish,9000620000
2,Vinod,9701550994
3,Vinod P,9701550994
4,Krishna,9701556995
5,Rama,8601550996
6,Krishna,9201520994
7,Shiva,9701550994
8,Nandi,9401550994
9,Narayana,9701550894
10,Govinda,9701550910
11,hello,1234
1,Harish,9000620000
2,Vinod,9701550994
3,Vinod P,9701550994
4,Krishna,9701556995
5,Rama,8601550996
6,Krishna,9201520994
7,Shiva,9701550994
8,Nandi,9401550994
9,Narayana,9701550894
10,Govinda,9701550910
11,hello,1234
1,Harish,9000620000
2,Vinod,9701550994
3,Vinod P,9701550994
4,Krishna,9701556995
5,Rama,8601550996
6,Krishna,9201520994
7,Shiva,9701550994
8,Nandi,9401550994
9,Narayana,9701550894
10,Govinda,9701550910
11,hello,1234
1,Harish,9000620000
2,Vinod,9701550994
3,Vinod P,9701550994
4,Krishna,9701556995
5,Rama,8601550996
6,Krishna,9201520994
7,Shiva,9701550994
8,Nandi,9401550994
9,Narayana,9701550894
10,Govinda,9701550910
11,hello,1234
1,Harish,9000620000
2,Vinod,9701550994
3,Vinod P,9701550994
4,Krishna,9701556995
5,Rama,8601550996
6,Krishna,9201520994
7,Shiva,9701550994
8,Nandi,9401550994
9,Narayana,9701550894
10,Govinda,9701550910
11,hello,1234
1,Harish,9000620000
2,Vinod,9701550994
3,Vinod P,9701550994
4,Krishna,9701556995
5,Rama,8601550996
6,Krishna,9201520994
7,Shiva,9701550994
8,Nandi,9401550994
9,Narayana,9701550894
10,Govinda,9701550910
11,hello,1234
1,Harish,9000620000
2,Vinod,9701550994
3,Vinod P,9701550994
4,Krishna,9701556995
5,Rama,8601550996
6,Krishna,9201520994
7,Shiva,9701550994
8,Nandi,9401550994
9,Narayana,9701550894
10,Govinda,9701550910
11,hello,1234
1,Harish,9000620000
2,Vinod,9701550994
3,Vinod P,9701550994
4,Krishna,9701556995
5,Rama,8601550996
6,Krishna,9201520994
7,Shiva,9701550994
8,Nandi,9401550994
9,Narayana,9701550894
10,Govinda,9701550910
11,hello,1234
1,Harish,9000620000
2,Vinod,9701550994
3,Vinod P,9701550994
4,Krishna,9701556995
5,Rama,8601550996
6,Krishna,9201520994
7,Shiva,9701550994
8,Nandi,9401550994
9,Narayana,9701550894
10,Govinda,9701550910
11,hello,1234
1,Harish,9000620000
2,Vinod,9701550994
3,Vinod P,9701550994
4,Krishna,9701556995
5,Rama,8601550996
6,Krishna,9201520994
7,Shiva,9701550994
8,Nandi,9401550994
9,Narayana,9701550894
10,Govinda,9701550910
11,hello,1234
1,Harish,9000620000
2,Vinod,9701550994
3,Vinod P,9701550994
4,Krishna,9701556995
5,Rama,8601550996
6,Krishna,9201520994
7,Shiva,9701550994
8,Nandi,9401550994
9,Narayana,9701550894
10,Govinda,9701550910
11,hello,1234
1,Harish,9000620000
2,Vinod,9701550994
3,Vinod P,9701550994
4,Krishna,9701556995
5,Rama,8601550996
6,Krishna,9201520994
7,Shiva,9701550994
8,Nandi,9401550994
9,Narayana,9701550894
10,Govinda,9701550910
11,hello,1234
1,Harish,9000620000
2,Vinod,9701550994
3,Vinod P,9701550994
4,Krishna,9701556995
5,Rama,8601550996
6,Krishna,9201520994
7,Shiva,9701550994
8,Nandi,9401550994
9,Narayana,9701550894
10,Govinda,9701550910
11,hello,1234
1,Harish,9000620000
2,Vinod,9701550994
3,Vinod P,9701550994
4,Krishna,9701556995
5,Rama,8601550996
6,Krishna,9201520994
7,Shiva,9701550994
8,Nandi,9401550994
9,Narayana,9701550894
10,Govinda,9701550910
11,hello,1234
1,Harish,9000620000
2,Vinod,9701550994
3,Vinod P,9701550994
4,Krishna,9701556995
5,Rama,8601550996
6,Krishna,9201520994
7,Shiva,9701550994
8,Nandi,9401550994
9,Narayana,9701550894
10,Govinda,9701550910
11,hello,1234
1,Harish,9000620000
2,Vinod,9701550994
3,Vinod P,9701550994
4,Krishna,9701556995
5,Rama,8601550996
6,Krishna,9201520994
7,Shiva,9701550994
8,Nandi,9401550994
9,Narayana,9701550894
10,Govinda,9701550910
11,hello,1234
1,Harish,9000620000
2,Vinod,9701550994
3,Vinod P,9701550994
4,Krishna,9701556995
5,Rama,8601550996
6,Krishna,9201520994
7,Shiva,9701550994
8,Nandi,9401550994
9,Narayana,9701550894
10,Govinda,9701550910
11,hello,1234
1,Harish,9000620000
2,Vinod,9701550994
3,Vinod P,9701550994
4,Krishna,9701556995
5,Rama,8601550996
6,Krishna,9201520994
7,Shiva,9701550994
8,Nandi,9401550994
9,Narayana,9701550894
10,Govinda,9701550910
11,hello,1234
1,Harish,9000620000
2,Vinod,9701550994
3,Vinod P,9701550994
4,Krishna,9701556995
5,Rama,8601550996
6,Krishna,9201520994
7,Shiva,9701550994
8,Nandi,9401550994
9,Narayana,9701550894
10,Govinda,9701550910
11,hello,1234
1,Harish,9000620000
2,Vinod,9701550994
3,Vinod P,9701550994
4,Krishna,9701556995
5,Rama,8601550996
6,Krishna,9201520994
7,Shiva,9701550994
8,Nandi,9401550994
9,Narayana,9701550894
10,Govinda,9701550910
11,hello,1234
1,Harish,9000620000
2,Vinod,9701550994
3,Vinod P,9701550994
4,Krishna,9701556995
5,Rama,8601550996
6,Krishna,9201520994
7,Shiva,9701550994
8,Nandi,9401550994
9,Narayana,9701550894
10,Govinda,9701550910
11,hello,1234
1,Harish,9000620000
2,Vinod,9701550994
3,Vinod P,9701550994
4,Krishna,9701556995
5,Rama,8601550996
6,Krishna,9201520994
7,Shiva,9701550994
8,Nandi,9401550994
9,Narayana,9701550894
10,Govinda,9701550910
11,hello,1234
1,Harish,9000620000
2,Vinod,9701550994
3,Vinod P,9701550994
4,Krishna,9701556995
5,Rama,8601550996
6,Krishna,9201520994
7,Shiva,9701550994
8,Nandi,9401550994
9,Narayana,9701550894
10,Govinda,9701550910
11,hello,1234
1,Harish,9000620000
2,Vinod,9701550994
3,Vinod P,9701550994
4,Krishna,9701556995
5,Rama,8601550996
6,Krishna,9201520994
7,Shiva,9701550994
8,Nandi,9401550994
9,Narayana,9701550894
10,Govinda,9701550910
11,hello,1234
1,Harish,9000620000
2,Vinod,9701550994
3,Vinod P,9701550994
4,Krishna,9701556995
5,Rama,8601550996
6,Krishna,9201520994
7,Shiva,9701550994
8,Nandi,9401550994
9,Narayana,9701550894
10,Govinda,9701550910
11,hello,1234
1,Harish,9000620000
2,Vinod,9701550994
3,Vinod P,9701550994
4,Krishna,9701556995
5,Rama,8601550996
6,Krishna,9201520994
7,Shiva,9701550994
8,Nandi,9401550994
9,Narayana,9701550894
10,Govinda,9701550910
11,hello,1234
